Titre,Prix,Disponibilité,Prix_Num,En_Stock
Scott Pilgrim's Precious Little Life (Scott Pilgrim #1),£52.29,In stock,52.29,True
Tsubasa: WoRLD CHRoNiCLE 2 (Tsubasa WoRLD CHRoNiCLE #2),£16.28,In stock,16.28,True
This One Summer,£19.49,In stock,19.49,True
The Nameless City (The Nameless City #1),£38.16,In stock,38.16,True
"Saga, Volume 5 (Saga (Collected Editions) #5)",£51.04,In stock,51.04,True
"Rat Queens, Vol. 3: Demons (Rat Queens (Collected Editions) #11-15)",£50.40,In stock,50.4,True
"Princess Jellyfish 2-in-1 Omnibus, Vol. 01 (Princess Jellyfish 2-in-1 Omnibus #1)",£13.61,In stock,13.61,True
"Pop Gun War, Volume 1: Gift",£18.97,In stock,18.97,True
Patience,£10.16,In stock,10.16,True
"Outcast, Vol. 1: A Darkness Surrounds Him (Outcast #1)",£15.44,In stock,15.44,True
orange: The Complete Collection 1 (orange: The Complete Collection #1),£48.41,In stock,48.41,True
"Lumberjanes, Vol. 2: Friendship to the Max (Lumberjanes #5-8)",£46.91,In stock,46.91,True
"Lumberjanes, Vol. 1: Beware the Kitten Holy (Lumberjanes #1-4)",£45.61,In stock,45.61,True
Lumberjanes Vol. 3: A Terrible Plan (Lumberjanes #9-12),£19.92,In stock,19.92,True
"I Hate Fairyland, Vol. 1: Madly Ever After (I Hate Fairyland (Compilations) #1-5)",£29.17,In stock,29.17,True
I am a Hero Omnibus Volume 1,£54.63,In stock,54.63,True
"Giant Days, Vol. 2 (Giant Days #5-8)",£22.11,In stock,22.11,True
Danganronpa Volume 1,£51.99,In stock,51.99,True
"Codename Baboushka, Volume 1: The Conclave of Death",£36.72,In stock,36.72,True
Camp Midnight,£17.08,In stock,17.08,True
"Bitch Planet, Vol. 1: Extraordinary Machine (Bitch Planet (Collected Editions))",£37.92,In stock,37.92,True
The Shadow Hero (The Shadow Hero),£33.14,In stock,33.14,True
"Fables, Vol. 1: Legends in Exile (Fables #1)",£41.62,In stock,41.62,True
Batman: The Long Halloween (Batman),£36.50,In stock,36.5,True
Batman: The Dark Knight Returns (Batman),£15.38,In stock,15.38,True
"Wonder Woman: Earth One, Volume One (Wonder Woman: Earth One #1)",£37.34,In stock,37.34,True
"We Are Robin, Vol. 1: The Vigilante Business (We Are Robin #1)",£53.90,In stock,53.9,True
Through the Woods,£25.38,In stock,25.38,True
Superman Vol. 1: Before Truth (Superman by Gene Luen Yang #1),£11.89,In stock,11.89,True
"So Cute It Hurts!!, Vol. 6 (So Cute It Hurts!! #6)",£35.43,In stock,35.43,True
Robin War,£47.82,In stock,47.82,True
"Red Hood/Arsenal, Vol. 1: Open for Business (Red Hood/Arsenal #1)",£25.48,In stock,25.48,True
"Naruto (3-in-1 Edition), Vol. 14: Includes Vols. 40, 41 & 42 (Naruto: Omnibus #14)",£38.39,In stock,38.39,True
Lowriders to the Center of the Earth (Lowriders in Space #2),£51.51,In stock,51.51,True
El Deafo,£57.62,In stock,57.62,True
Batman: Europa,£32.01,In stock,32.01,True
Art Ops Vol. 1,£48.80,In stock,48.8,True
"Adulthood Is a Myth: A ""Sarah's Scribbles"" Collection",£10.90,In stock,10.9,True
"Fruits Basket, Vol. 9 (Fruits Basket #9)",£33.95,In stock,33.95,True
Roller Girl,£14.10,In stock,14.1,True
"Fruits Basket, Vol. 7 (Fruits Basket #7)",£19.57,In stock,19.57,True
"Fruits Basket, Vol. 6 (Fruits Basket #6)",£20.96,In stock,20.96,True
"Death Note, Vol. 6: Give-and-Take (Death Note #6)",£36.39,In stock,36.39,True
"Fruits Basket, Vol. 5 (Fruits Basket #5)",£16.33,In stock,16.33,True
"Death Note, Vol. 5: Whiteout (Death Note #5)",£52.41,In stock,52.41,True
"The Demon Prince of Momochi House, Vol. 4 (The Demon Prince of Momochi House #4)",£27.88,In stock,27.88,True
"Fruits Basket, Vol. 4 (Fruits Basket #4)",£50.44,In stock,50.44,True
"The Wicked + The Divine, Vol. 3: Commercial Suicide (The Wicked + The Divine)",£14.41,In stock,14.41,True
"The Sandman, Vol. 3: Dream Country (The Sandman (volumes) #3)",£55.55,In stock,55.55,True
"Saga, Volume 3 (Saga (Collected Editions) #3)",£21.57,In stock,21.57,True
Prodigy: The Graphic Novel (Legend: The Graphic Novel #2),£43.63,In stock,43.63,True
Persepolis: The Story of a Childhood (Persepolis #1-2),£39.13,In stock,39.13,True
Original Fake,£31.45,In stock,31.45,True
"Grayson, Vol 3: Nemesis (Grayson #3)",£42.72,In stock,42.72,True
"Fruits Basket, Vol. 3 (Fruits Basket #3)",£45.17,In stock,45.17,True
"Black Butler, Vol. 1 (Black Butler #1)",£49.31,In stock,49.31,True
Awkward,£38.02,In stock,38.02,True
"The Sandman, Vol. 2: The Doll's House (The Sandman (volumes) #2)",£54.81,In stock,54.81,True
"Saga, Volume 2 (Saga (Collected Editions) #2)",£11.75,In stock,11.75,True
"Fruits Basket, Vol. 2 (Fruits Basket #2)",£11.64,In stock,11.64,True
"Y: The Last Man, Vol. 1: Unmanned (Y: The Last Man #1)",£18.51,In stock,18.51,True
"The Wicked + The Divine, Vol. 1: The Faust Act (The Wicked + The Divine)",£36.52,In stock,36.52,True
"The Sandman, Vol. 1: Preludes and Nocturnes (The Sandman (volumes) #1)",£54.12,In stock,54.12,True
The Complete Maus (Maus #1-2),£10.64,In stock,10.64,True
"Skip Beat!, Vol. 01 (Skip Beat! #1)",£42.12,In stock,42.12,True
"Saga, Volume 1 (Saga (Collected Editions) #1)",£28.48,In stock,28.48,True
"Rat Queens, Vol. 1: Sass & Sorcery (Rat Queens (Collected Editions) #1-5)",£46.96,In stock,46.96,True
"Paper Girls, Vol. 1 (Paper Girls #1-5)",£21.71,In stock,21.71,True
"Ouran High School Host Club, Vol. 1 (Ouran High School Host Club #1)",£29.87,In stock,29.87,True
"Ms. Marvel, Vol. 1: No Normal (Ms. Marvel (2014-2015) #1)",£39.39,In stock,39.39,True
"Hawkeye, Vol. 1: My Life as a Weapon (Hawkeye #1)",£45.24,In stock,45.24,True
"Giant Days, Vol. 1 (Giant Days #1-4)",£56.76,In stock,56.76,True
"Fruits Basket, Vol. 1 (Fruits Basket #1)",£40.28,In stock,40.28,True
"Bleach, Vol. 1: Strawberry and the Soul Reapers (Bleach #1)",£34.65,In stock,34.65,True
"Ajin: Demi-Human, Volume 1 (Ajin: Demi-Human #1)",£57.06,In stock,57.06,True
